Name,Sex,Event,Equipment,Age,AgeClass,BirthYearClass,Division,BodyweightKg,WeightClassKg,Squat1Kg,Squat2Kg,Squat3Kg,Squat4Kg,Best3SquatKg,Bench1Kg,Bench2Kg,Bench3Kg,Bench4Kg,Best3BenchKg,Deadlift1Kg,Deadlift2Kg,Deadlift3Kg,Deadlift4Kg,Best3DeadliftKg,TotalKg,Place,Dots,Wilks,Glossbrenner,Goodlift,Tested,Country,State,Federation,ParentFederation,Date,MeetCountry,MeetState,MeetTown,MeetName,Sanctioned
Fran Hranilović,M,B,Raw,,,14-18,Sub-Juniors,82.4,83,,,,,,72.5,77.5,85,,85,,,,,,85,1,57.62,56.98,54.83,42.85,Yes,,,HPLS,IPF,2025-12-18,Croatia,,Zagreb,14. Državno prvenstvo u powerliftingu i bench pressu,Yes
Teo Imbrišić,M,B,Raw,,,19-23,Juniors,88,93,,,,,,130,140,-145,,140,,,,,,140,3,91.57,90.43,86.75,68.27,Yes,,,HPLS,IPF,2025-12-18,Croatia,,Zagreb,14. Državno prvenstvo u powerliftingu i bench pressu,Yes
Petar Ovčar,M,B,Raw,,,19-23,Juniors,80.5,83,,,,,,107.5,112.5,120,,120,,,,,,120,1,82.44,81.60,78.61,61.23,Yes,,,HPLS,IPF,2025-12-18,Croatia,,Zagreb,14. Državno prvenstvo u powerliftingu i bench pressu,Yes
Jakov Tenžera,M,SBD,Raw,,,,Open,134.6,120+,-210,210,-220,,210,200,-206,206,,206,220,237.5,250,,250,666,4,369.10,374.45,356.88,73.76,Yes,,,HPLS,IPF,2025-12-18,Croatia,,Zagreb,14. Državno prvenstvo u powerliftingu i bench pressu,Yes
Benjamin Varvodić,M,SBD,Raw,,,,Open,116,120,180,200,-207.5,,200,115,-125,125,,125,200,215,225,,225,550,7,319.54,318.85,305.30,64.90,Yes,,,HPLS,IPF,2025-12-18,Croatia,,Zagreb,14. Državno prvenstvo u powerliftingu i bench pressu,Yes
Robert Cindrić,M,SBD,Raw,,,,Open,107.3,120,190,200,-205,,200,135,-142.5,142.5,,142.5,235,245,255,,255,597.5,6,357.27,354.42,338.53,73.03,Yes,,,HPLS,IPF,2025-12-18,Croatia,,Zagreb,14. Državno prvenstvo u powerliftingu i bench pressu,Yes
Lovre Čolak,M,SBD,Raw,,,,Open,118.2,120,245,260,270,,270,140,150,-155,,150,250,-265,265,,265,685,5,395.40,395.24,378.65,80.16,Yes,,,HPLS,IPF,2025-12-18,Croatia,,Zagreb,14. Državno prvenstvo u powerliftingu i bench pressu,Yes
Marko Siladi,M,SBD,Raw,,,,Open,74.2,83,122.5,130,137.5,,137.5,90,95,-100,,95,145,157.5,-162.5,,157.5,390,14,281.73,280.00,270.67,57.18,Yes,,,HPLS,IPF,2025-12-18,Croatia,,Zagreb,14. Državno prvenstvo u powerliftingu i bench pressu,Yes
Luka Milačić,M,SBD,Raw,,,,Open,81.6,83,135,145,-155,,145,110,-120,120,,120,145,155,165,,165,430,13,293.11,289.98,279.15,60.04,Yes,,,HPLS,IPF,2025-12-18,Croatia,,Zagreb,14. Državno prvenstvo u powerliftingu i bench pressu,Yes
Silvio Krčelić,M,SBD,Raw,,,,Open,76.3,83,150,-162.5,172.5,,172.5,105,112.5,-120,,112.5,170,185,-192.5,,185,470,12,333.54,330.97,319.56,67.92,Yes,,,HPLS,IPF,2025-12-18,Croatia,,Zagreb,14. Državno prvenstvo u powerliftingu i bench pressu,Yes
Mateo Vuk,M,SBD,Raw,,,,Open,81,83,167.5,-172.5,172.5,,172.5,112.5,-115,-120,,112.5,200,-202.5,-202.5,,200,485,11,332.01,328.55,316.39,67.97,Yes,,,HPLS,IPF,2025-12-18,Croatia,,Zagreb,14. Državno prvenstvo u powerliftingu i bench pressu,Yes
Jure Ljulj,M,SBD,Raw,27,24-34,24-39,Open,81.6,83,-180,180,-195,,180,120,130,137.5,,137.5,215,230,240,,240,557.5,9,380.02,375.96,361.93,77.84,Yes,,,HPLS,IPF,2025-12-18,Croatia,,Zagreb,14. Državno prvenstvo u powerliftingu i bench pressu,Yes
Žarko Novak,M,SBD,Raw,,,60-69,Masters 3,92.3,93,25,-75,-75,,25,120,133,-137,,133,65,-125,,,65,223,2,142.40,140.59,134.60,29.28,Yes,,,HPLS,IPF,2025-12-18,Croatia,,Zagreb,14. Državno prvenstvo u powerliftingu i bench pressu,Yes
Žarko Novak,M,B,Raw,,,60-69,Masters 3,91.5,93,,,,,,121,135,-141,,135,,,,,,135,1,86.58,85.47,81.86,64.56,Yes,,,HPLS,IPF,2025-12-18,Croatia,,Zagreb,14. Državno prvenstvo u powerliftingu i bench pressu,Yes
Vjekoslav Babić,M,SBD,Raw,,,50-59,Masters 2,78.2,83,60.5,70.5,80.5,,80.5,45.5,50.5,55.5,,55.5,100.5,110.5,115.5,,115.5,251.5,1,175.80,174.23,168.04,35.89,Yes,,,HPLS,IPF,2025-12-18,Croatia,,Zagreb,14. Državno prvenstvo u powerliftingu i bench pressu,Yes
Krešo Samardžija,M,SBD,Raw,,,40-49,Masters 1,118.9,120,195,-205,205,,205,125,130,135,,135,200,210,220,,220,560,1,322.61,322.66,309.15,65.36,Yes,,,HPLS,IPF,2025-12-18,Croatia,,Zagreb,14. Državno prvenstvo u powerliftingu i bench pressu,Yes
Janko Cerjan,M,SBD,Raw,,,14-18,Sub-Juniors,102.8,105,175,-187.5,195,,195,110,120,-127.5,,120,210,225,240,,240,555,2,337.63,334.19,319.10,69.20,Yes,,,HPLS,IPF,2025-12-18,Croatia,,Zagreb,14. Državno prvenstvo u powerliftingu i bench pressu,Yes
Roko Favro,M,SBD,Raw,,,14-18,Sub-Juniors,98.8,105,185,200,207.5,,207.5,125,135,-140,,135,222.5,237.5,240,,240,582.5,1,360.43,356.24,340.33,74.01,Yes,,,HPLS,IPF,2025-12-18,Croatia,,Zagreb,14. Državno prvenstvo u powerliftingu i bench pressu,Yes
Antun Mraz,M,SBD,Raw,,,14-18,Sub-Juniors,84.5,93,197.5,212.5,-225,,212.5,110,117.5,-120,,117.5,210,232.5,-250,,232.5,562.5,3,375.98,371.57,357.13,77.17,Yes,,,HPLS,IPF,2025-12-18,Croatia,,Zagreb,14. Državno prvenstvo u powerliftingu i bench pressu,Yes
Domagoj Lieli,M,SBD,Raw,,,14-18,Sub-Juniors,81.1,83,150,157.5,165,,165,100,105,-107.5,,105,185,200,205,,205,475,3,324.93,321.53,309.62,66.53,Yes,,,HPLS,IPF,2025-12-18,Croatia,,Zagreb,14. Državno prvenstvo u powerliftingu i bench pressu,Yes
Borna Smajić,M,SBD,Raw,,,14-18,Sub-Juniors,72.3,74,125,132.5,140,,140,82.5,87.5,90,,90,140,152.5,160,,160,390,1,286.58,285.27,276.07,57.95,Yes,,,HPLS,IPF,2025-12-18,Croatia,,Zagreb,14. Državno prvenstvo u powerliftingu i bench pressu,Yes
Karlo Knežević,M,SBD,Raw,,,19-23,Juniors,99.5,105,185,202.5,207.5,,207.5,112.5,122.5,130,,130,220,-240,245,,245,582.5,4,359.32,355.22,339.30,73.76,Yes,,,HPLS,IPF,2025-12-18,Croatia,,Zagreb,14. Državno prvenstvo u powerliftingu i bench pressu,Yes
Dominik Vukić,M,SBD,Raw,,,19-23,Juniors,90.4,93,117.5,130,140,,140,105,-115,115,,115,135,150,165,,165,420,7,270.97,267.52,256.35,55.71,Yes,,,HPLS,IPF,2025-12-18,Croatia,,Zagreb,14. Državno prvenstvo u powerliftingu i bench pressu,Yes
Stipe Bilić,M,SBD,Raw,,,19-23,Juniors,91.2,93,135,145,155,,155,-120,120,122.5,,122.5,162.5,-177.5,-177.5,,162.5,440,6,282.63,279.03,267.27,58.11,Yes,,,HPLS,IPF,2025-12-18,Croatia,,Zagreb,14. Državno prvenstvo u powerliftingu i bench pressu,Yes
Luka Jančić,M,SBD,Raw,,,19-23,Juniors,85,93,135,145,155,,155,102.5,110,115,,115,162.5,175,185,,185,455,5,303.15,299.54,287.83,62.23,Yes,,,HPLS,IPF,2025-12-18,Croatia,,Zagreb,14. Državno prvenstvo u powerliftingu i bench pressu,Yes
Hrvoje Ovčarić,M,SBD,Raw,,,19-23,Juniors,71.6,74,-135,140,150,,150,80,85,90,,90,140,155,165,,165,405,3,299.55,298.38,288.88,60.49,Yes,,,HPLS,IPF,2025-12-18,Croatia,,Zagreb,14. Državno prvenstvo u powerliftingu i bench pressu,Yes
Ivuša Dadić,M,SBD,Raw,,,19-23,Juniors,,,,,,,,,,,,,,,,,,,NS,,,,,Yes,,,HPLS,IPF,2025-12-18,Croatia,,Zagreb,14. Državno prvenstvo u powerliftingu i bench pressu,Yes
Mateja Žugec,F,B,Raw,,,,Disabled,49.6,52,,,,,,32.5,37.5,-40,,37.5,,,,,,37.5,1,47.26,48.47,43.05,37.53,Yes,,,HPLS,IPF,2025-12-18,Croatia,,Zagreb,14. Državno prvenstvo u powerliftingu i bench pressu,Yes
Nataša Despinić,F,SBD,Raw,,,40-49,Masters 1,72,76,110,-117.5,-120,,110,67.5,70.5,72.5,,72.5,137.5,144,150,,150,332.5,1,331.04,324.53,285.86,67.33,Yes,,,HPLS,IPF,2025-12-18,Croatia,,Zagreb,14. Državno prvenstvo u powerliftingu i bench pressu,Yes
Barbara Stankić,F,SBD,Raw,,,19-23,Juniors,72,76,112.5,-120,-120,,112.5,45,50,-52.5,,50,115,125,132.5,,132.5,295,5,293.70,287.93,253.62,59.74,Yes,,,HPLS,IPF,2025-12-18,Croatia,,Zagreb,14. Državno prvenstvo u powerliftingu i bench pressu,Yes
Maja Cikojević,F,SBD,Raw,,,19-23,Juniors,67.2,69,95,100,105,,105,50,52.5,55,,55,107.5,112.5,120,,120,280,3,289.82,286.69,252.92,58.89,Yes,,,HPLS,IPF,2025-12-18,Croatia,,Zagreb,14. Državno prvenstvo u powerliftingu i bench pressu,Yes
Dino Čižmak,M,B,Raw,,,14-18,Sub-Juniors,147.1,120+,,,,,,-201.5,201.5,-211.5,,201.5,,,,,,201.5,1,108.93,111.80,105.86,78.37,Yes,,,HPLS,IPF,2025-12-18,Croatia,,Zagreb,14. Državno prvenstvo u powerliftingu i bench pressu,Yes
Kristijan Bošković,M,SBD,Raw,28.5,24-34,24-39,Open,114,120,-135,152.5,160,,160,-75,75,-80,,75,145,160,-167.5,,160,395,9,230.90,230.06,220.15,46.97,Yes,Croatia,,HPLS,IPF,2025-12-18,Croatia,,Zagreb,14. Državno prvenstvo u powerliftingu i bench pressu,Yes
Dalibor Leljak,M,SBD,Raw,,,,Open,95.9,105,142.5,155,-160,,155,130,142.5,-147.5,,142.5,175,190,195,,195,492.5,15,308.86,305.06,291.66,63.48,Yes,,,HPLS,IPF,2025-12-18,Croatia,,Zagreb,14. Državno prvenstvo u powerliftingu i bench pressu,Yes
Lidija Novković,F,SBD,Raw,29.5,24-34,24-39,Open,98.5,84+,115,130,140,,140,60,65,70,,70,120,135,-150,,135,345,1,296.16,288.55,248.35,61.78,Yes,Croatia,,HPLS,IPF,2025-12-18,Croatia,,Zagreb,14. Državno prvenstvo u powerliftingu i bench pressu,Yes
Lidija Novković,F,B,Raw,29.5,24-34,24-39,Open,98.8,84+,,,,,,52.5,57.5,62.5,,62.5,,,,,,62.5,1,53.59,52.22,44.93,45.21,Yes,Croatia,,HPLS,IPF,2025-12-18,Croatia,,Zagreb,14. Državno prvenstvo u powerliftingu i bench pressu,Yes
Monika Smetiško,F,SBD,Raw,,,,Open,62,63,80,90,95,,95,52.5,-57.5,-57.5,,52.5,125,130,-135,,130,277.5,8,301.39,301.67,266.43,61.35,Yes,,,HPLS,IPF,2025-12-18,Croatia,,Zagreb,14. Državno prvenstvo u powerliftingu i bench pressu,Yes
Monika Smetiško,F,B,Raw,,,,Open,62.7,63,,,,,,47.5,55,57.5,,57.5,,,,,,57.5,3,62.02,61.98,54.73,48.11,Yes,,,HPLS,IPF,2025-12-18,Croatia,,Zagreb,14. Državno prvenstvo u powerliftingu i bench pressu,Yes
Lorena Jauševac,F,SBD,Raw,,,,Open,56,57,120,-125,127.5,,127.5,55,57.5,-60,,57.5,120,132.5,-137.5,,132.5,317.5,3,368.02,373.57,330.44,75.48,Yes,,,HPLS,IPF,2025-12-18,Croatia,,Zagreb,14. Državno prvenstvo u powerliftingu i bench pressu,Yes
Ana Perković,F,SBD,Raw,,,50-59,Masters 2,59.4,63,40,-45,47.5,,47.5,35,40,42.5,,42.5,65,75,80,,80,170,2,189.66,191.01,168.79,38.70,Yes,,,HPLS,IPF,2025-12-18,Croatia,,Zagreb,14. Državno prvenstvo u powerliftingu i bench pressu,Yes
Simona Jelušić,F,SBD,Raw,,,19-23,Juniors,73,76,125,-130,130,,130,55,60,-62.5,,60,130,140,150,,150,340,2,335.97,328.85,289.55,68.36,Yes,,,HPLS,IPF,2025-12-18,Croatia,,Zagreb,14. Državno prvenstvo u powerliftingu i bench pressu,Yes
Robert Lipohar,M,SBD,Raw,24,24-34,24-39,Open,102.9,105,190,205,212.5,,212.5,107.5,110,-117.5,,110,200,217.5,225,,225,547.5,13,332.94,329.55,314.68,68.24,Yes,Croatia,,HPLS,IPF,2025-12-18,Croatia,,Zagreb,14. Državno prvenstvo u powerliftingu i bench pressu,Yes
Marko Ugljarević,M,SBD,Raw,24,24-34,24-39,Open,,,,,,,,,,,,,,,,,,,NS,,,,,Yes,Croatia,,HPLS,IPF,2025-12-18,Croatia,,Zagreb,14. Državno prvenstvo u powerliftingu i bench pressu,Yes
Matija Pongrac,M,SBD,Raw,28,24-34,24-39,Open,90.9,93,150,160,170,,170,132.5,140,145,,145,185,205,212.5,,212.5,527.5,12,339.39,335.07,320.99,69.78,Yes,Croatia,,HPLS,IPF,2025-12-18,Croatia,,Zagreb,14. Državno prvenstvo u powerliftingu i bench pressu,Yes
Patrik Papac,M,SBD,Raw,26,24-34,24-39,Open,104.2,105,200,210,220,,220,130,135,140,,140,235,245,252.5,,252.5,612.5,9,370.54,367.00,350.43,75.89,Yes,Croatia,,HPLS,IPF,2025-12-18,Croatia,,Zagreb,14. Državno prvenstvo u powerliftingu i bench pressu,Yes
Ivan Kolak,M,SBD,Raw,31,24-34,24-39,Open,81.6,83,167.5,180,185,,185,110,117.5,-122.5,,117.5,230,242.5,-252.5,,242.5,545,10,371.50,367.53,353.81,76.09,Yes,Croatia,,HPLS,IPF,2025-12-18,Croatia,,Zagreb,14. Državno prvenstvo u powerliftingu i bench pressu,Yes
Goran Pečić,M,SBD,Raw,54,50-54,50-59,Masters 2,110.3,120,-165,170,180,,180,100,107.5,-110,,107.5,165,180,195,,195,482.5,2,285.48,283.71,271.18,58.24,Yes,Croatia,,HPLS,IPF,2025-12-18,Croatia,,Zagreb,14. Državno prvenstvo u powerliftingu i bench pressu,Yes
Vedran Mažuran Marjanović,M,SBD,Raw,47,45-49,40-49,Masters 1,109.9,120,155,170,177.5,,177.5,117.5,125,-130,,125,170,197.5,205,,205,507.5,2,300.68,298.74,285.52,61.36,Yes,Croatia,,HPLS,IPF,2025-12-18,Croatia,,Zagreb,14. Državno prvenstvo u powerliftingu i bench pressu,Yes
Vedran Mažuran Marjanović,M,B,Raw,47,45-49,40-49,Masters 1,109.8,120,,,,,,110,120,-130,,120,,,,,,120,1,71.12,70.66,67.53,52.64,Yes,Croatia,,HPLS,IPF,2025-12-18,Croatia,,Zagreb,14. Državno prvenstvo u powerliftingu i bench pressu,Yes
Marin Rončević,M,SBD,Raw,44,40-44,40-49,Masters 1,102.8,105,170,-185,185,,185,115,120,-125,,120,-220,230,242.5,,242.5,547.5,1,333.07,329.67,314.79,68.27,Yes,Croatia,,HPLS,IPF,2025-12-18,Croatia,,Zagreb,14. Državno prvenstvo u powerliftingu i bench pressu,Yes
Rino Eterović,M,SBD,Raw,23,20-23,19-23,Juniors,105,105,180,190,200,,200,100,105,-107.5,,105,192.5,205,220,,220,525,6,316.63,313.72,299.57,64.82,Yes,Croatia,,HPLS,IPF,2025-12-18,Croatia,,Zagreb,14. Državno prvenstvo u powerliftingu i bench pressu,Yes
Fran Ljubić,M,SBD,Raw,23,20-23,19-23,Juniors,101.8,105,-210,-220,225,,225,-142.5,-155,-155,,,250,272.5,-280,,272.5,,DQ,,,,,Yes,Croatia,,HPLS,IPF,2025-12-18,Croatia,,Zagreb,14. Državno prvenstvo u powerliftingu i bench pressu,Yes
Nino Bobovčan,M,SBD,Raw,20,20-23,19-23,Open,72.8,74,130,142.5,150,,150,90,95,-100,,95,137.5,145,-150,,145,390,8,285.27,283.84,274.61,57.74,Yes,Croatia,,HPLS,IPF,2025-12-18,Croatia,,Zagreb,14. Državno prvenstvo u powerliftingu i bench pressu,Yes
Hrvoje Sedak,M,SBD,Raw,20,20-23,19-23,Juniors,78.2,83,-155,160,170,,170,92.5,97.5,102.5,,102.5,180,195,207.5,,207.5,480,6,335.52,332.52,320.71,68.49,Yes,Croatia,,HPLS,IPF,2025-12-18,Croatia,,Zagreb,14. Državno prvenstvo u powerliftingu i bench pressu,Yes
Tea Tereza Jelinić,F,SBD,Raw,17,16-17,14-18,Open,75.7,76,145,155,160,,160,62.5,67.5,70,,70,160,167.5,172.5,,172.5,402.5,3,390.11,380.43,334.52,79.50,Yes,Croatia,,HPLS,IPF,2025-12-18,Croatia,,Zagreb,14. Državno prvenstvo u powerliftingu i bench pressu,Yes
Paola Mileusnić,F,SBD,Raw,18,18-19,14-18,Sub-Juniors,58.9,63,82.5,87.5,-95,,87.5,-52.5,55,-60,,55,112.5,120,127.5,,127.5,270,2,302.85,305.38,269.89,61.83,Yes,Croatia,,HPLS,IPF,2025-12-18,Croatia,,Zagreb,14. Državno prvenstvo u powerliftingu i bench pressu,Yes
Tara Grabrovac,F,SBD,Raw,15,13-15,14-18,Sub-Juniors,58,63,87.5,95,-100,,95,50,55,-57.5,,55,105,112.5,117.5,,117.5,267.5,3,303.03,306.21,270.68,61.94,Yes,Croatia,,HPLS,IPF,2025-12-18,Croatia,,Zagreb,14. Državno prvenstvo u powerliftingu i bench pressu,Yes
Natali Rade,F,SBD,Raw,35,35-39,24-39,Open,67.8,69,97.5,107.5,-115,,107.5,42.5,47.5,-50,,47.5,125,135,-142.5,,135,290,5,298.63,295.04,260.25,60.68,Yes,Croatia,,HPLS,IPF,2025-12-18,Croatia,,Zagreb,14. Državno prvenstvo u powerliftingu i bench pressu,Yes
Sara Magaš,F,SBD,Raw,25,24-34,24-39,Open,67.3,69,107.5,115,122.5,,122.5,70,75,80,,80,130,145,160,,160,362.5,4,374.89,370.76,327.08,76.17,Yes,Croatia,,HPLS,IPF,2025-12-18,Croatia,,Zagreb,14. Državno prvenstvo u powerliftingu i bench pressu,Yes
Dora Tot,F,B,Raw,32,24-34,24-39,Open,62,63,,,,,,65,-70,70,,70,,,,,,70,1,76.03,76.10,67.21,58.95,Yes,Croatia,,HPLS,IPF,2025-12-18,Croatia,,Zagreb,14. Državno prvenstvo u powerliftingu i bench pressu,Yes
Dora Tot,F,SBD,Raw,32,24-34,24-39,Open,61.7,63,-122.5,127.5,-135,,127.5,70,75,-80,,75,140,155,-162.5,,155,357.5,4,389.45,390.08,344.54,79.29,Yes,Croatia,,HPLS,IPF,2025-12-18,Croatia,,Zagreb,14. Državno prvenstvo u powerliftingu i bench pressu,Yes
Laura Jagečić,F,SBD,Raw,26,24-34,24-39,Open,50.2,52,95,-100,100,,100,55,60,-65.5,,60,100,117.5,127.5,,127.5,287.5,1,359.22,368.22,326.89,74.88,Yes,Croatia,,HPLS,IPF,2025-12-18,Croatia,,Zagreb,14. Državno prvenstvo u powerliftingu i bench pressu,Yes
Sandra Havliček,F,SBD,Raw,52,50-54,50-59,Masters 2,67.9,69,62.5,67.5,-72.5,,67.5,32.5,35,37.5,,37.5,92.5,100,105,,105,210,2,216.07,213.43,188.25,43.90,Yes,Croatia,,HPLS,IPF,2025-12-18,Croatia,,Zagreb,14. Državno prvenstvo u powerliftingu i bench pressu,Yes
Ivančica Koren,F,SBD,Raw,50,50-54,50-59,Masters 2,68.2,69,90,95,97.5,,97.5,55,57.5,60,,60,120,125,130,,130,287.5,1,295.06,291.28,256.90,59.95,Yes,Croatia,,HPLS,IPF,2025-12-18,Croatia,,Zagreb,14. Državno prvenstvo u powerliftingu i bench pressu,Yes
Vjeran Labrović,M,B,Raw,27,24-34,24-39,Open,86,93,,,,,,97.5,102.5,107.5,,107.5,,,,,,107.5,3,71.17,70.31,67.52,53.03,Yes,Croatia,,HPLS,IPF,2025-12-18,Croatia,,Zagreb,14. Državno prvenstvo u powerliftingu i bench pressu,Yes
Leon Batelka,M,SBD,Raw,20,20-23,19-23,Juniors,79.8,83,-172.5,180,-187.5,,180,95,100,-105,,100,-177.5,177.5,190,,190,470,7,324.57,321.38,309.69,66.37,Yes,Croatia,,HPLS,IPF,2025-12-18,Croatia,,Zagreb,14. Državno prvenstvo u powerliftingu i bench pressu,Yes
Lara Dragičević,F,SBD,Raw,21,20-23,19-23,Juniors,72.3,76,102.5,-107.5,107.5,,107.5,57.5,60,62.5,,62.5,132.5,140,-145,,140,310,3,307.94,301.74,265.75,62.64,Yes,Croatia,,HPLS,IPF,2025-12-18,Croatia,,Zagreb,14. Državno prvenstvo u powerliftingu i bench pressu,Yes
Karla Škvorc,F,B,Raw,26,24-34,24-39,Open,55.5,57,,,,,,65,70,72.5,,72.5,,,,,,72.5,1,84.54,85.91,76.00,65.76,Yes,Croatia,,HPLS,IPF,2025-12-18,Croatia,,Zagreb,14. Državno prvenstvo u powerliftingu i bench pressu,Yes
Josipa Turkalj,F,SBD,Raw,,,,Open,80.9,84,92.5,100,107.5,,107.5,47.5,52.5,-57.5,,52.5,110,120,-125,,120,280,5,262.37,254.63,223.16,53.69,Yes,Croatia,,HPLS,IPF,2025-12-18,Croatia,,Zagreb,14. Državno prvenstvo u powerliftingu i bench pressu,Yes
Mihael Iličević,M,B,Raw,19,18-19,19-23,Juniors,111.6,120,,,,,,135,140,145,,145,,,,,,145,1,85.42,84.96,81.24,63.15,Yes,Croatia,,HPLS,IPF,2025-12-18,Croatia,,Zagreb,14. Državno prvenstvo u powerliftingu i bench pressu,Yes
Ivan Doljankić,M,SBD,Raw,,,,Open,91.3,93,205,225,-235,,225,132.5,142.5,-147.5,,142.5,225,242.5,250,,250,617.5,5,396.43,391.39,374.88,81.51,Yes,Croatia,,HPLS,IPF,2025-12-18,Croatia,,Zagreb,14. Državno prvenstvo u powerliftingu i bench pressu,Yes
Ivan Janković,M,SBD,Raw,25,24-34,24-39,Open,82.3,83,195,207.5,-212.5,,207.5,135,140,145,,145,205,220,225,,225,577.5,7,391.73,387.43,372.83,80.28,Yes,Croatia,,HPLS,IPF,2025-12-18,Croatia,,Zagreb,14. Državno prvenstvo u powerliftingu i bench pressu,Yes
Vlaho Zlošilo,M,SBD,Raw,,,60-69,Masters 3,91,93,120,127.5,137.5,,137.5,80,85,90,,90,150,161.5,172.5,,172.5,400,1,257.22,253.94,243.26,52.89,Yes,Croatia,,HPLS,IPF,2025-12-18,Croatia,,Zagreb,14. Državno prvenstvo u powerliftingu i bench pressu,Yes
Luka Pešić,M,SBD,Raw,19,18-19,19-23,Open,105.8,120,162.5,172.5,177.5,,177.5,-82.5,87.5,90,,90,200,-210,210,,210,477.5,G,287.10,284.58,271.77,58.75,Yes,Croatia,,HPLS,IPF,2025-12-18,Croatia,,Zagreb,14. Državno prvenstvo u powerliftingu i bench pressu,Yes
Filip Humski,M,SBD,Raw,18.5,18-19,19-23,Juniors,78.6,83,140,-152.5,155,,155,87.5,-95,-95,,87.5,150,160,-165,,160,402.5,8,280.48,277.91,267.98,57.28,Yes,Croatia,,HPLS,IPF,2025-12-18,Croatia,,Zagreb,14. Državno prvenstvo u powerliftingu i bench pressu,Yes
Samuel Sobočan,M,SBD,Raw,19,18-19,19-23,Juniors,71.7,74,140,147.5,-160,,147.5,107.5,115,120,,120,180,192.5,202.5,,202.5,470,1,347.30,345.91,334.87,70.14,Yes,Croatia,,HPLS,IPF,2025-12-18,Croatia,,Zagreb,14. Državno prvenstvo u powerliftingu i bench pressu,Yes
Fabijan Kordas,M,B,Raw,20,20-23,19-23,Juniors,102.1,105,,,,,,140,147.5,152.5,,152.5,,,,,,152.5,1,93.04,92.06,87.91,69.18,Yes,Croatia,,HPLS,IPF,2025-12-18,Croatia,,Zagreb,14. Državno prvenstvo u powerliftingu i bench pressu,Yes
Domagoj Zovkić,M,SBD,Raw,22,20-23,19-23,Juniors,92.4,93,-185,-195,195,,195,115,125,130,,130,-250,-265,265,,265,590,3,376.56,371.78,355.92,77.43,Yes,Croatia,,HPLS,IPF,2025-12-18,Croatia,,Zagreb,14. Državno prvenstvo u powerliftingu i bench pressu,Yes
Andrej Cirkveni,M,SBD,Raw,24,24-34,24-39,Open,79.2,83,120,-127.5,130,,130,80,-85,-90,,80,170,180,-190,,180,390,15,270.53,267.96,258.30,55.29,Yes,Croatia,,HPLS,IPF,2025-12-18,Croatia,,Zagreb,14. Državno prvenstvo u powerliftingu i bench pressu,Yes
Franjo Šute,M,SBD,Raw,20,20-23,19-23,Juniors,72.6,74,152.5,-165,167.5,,167.5,97.5,105,107.5,,107.5,180,187.5,195,,195,470,2,344.41,342.75,331.64,69.69,Yes,Croatia,,HPLS,IPF,2025-12-18,Croatia,,Zagreb,14. Državno prvenstvo u powerliftingu i bench pressu,Yes
Andrija Svoboda Arnautov,M,SBD,Raw,23,20-23,19-23,Juniors,82.1,83,-195,205,-215,,205,107.5,112.5,-117.5,,112.5,215,230,-240,,230,547.5,3,371.90,367.85,354.02,76.21,Yes,Croatia,,HPLS,IPF,2025-12-18,Croatia,,Zagreb,14. Državno prvenstvo u powerliftingu i bench pressu,Yes
Anton Bedalov,M,SBD,Raw,,20-23,19-23,Juniors,82,83,187.5,195,-200,,195,112.5,120,-122.5,,120,210,222.5,-227.5,,222.5,537.5,5,365.36,361.39,347.83,74.86,Yes,Croatia,,HPLS,IPF,2025-12-18,Croatia,,Zagreb,14. Državno prvenstvo u powerliftingu i bench pressu,Yes
Anton Bedalov,M,B,Raw,,20-23,19-23,Juniors,81.9,83,,,,,,115,120,-122.5,,120,,,,,,120,2,81.63,80.74,77.72,60.69,Yes,Croatia,,HPLS,IPF,2025-12-18,Croatia,,Zagreb,14. Državno prvenstvo u powerliftingu i bench pressu,Yes
Ivor Dražić,M,SBD,Raw,20,20-23,19-23,Juniors,,,,,,,,,,,,,,,,,,,NS,,,,,Yes,Croatia,,HPLS,IPF,2025-12-18,Croatia,,Zagreb,14. Državno prvenstvo u powerliftingu i bench pressu,Yes
Lorenna Hranilović,F,B,Raw,19,18-19,19-23,Juniors,,,,,,,,,,,,,,,,,,,NS,,,,,Yes,Croatia,,HPLS,IPF,2025-12-18,Croatia,,Zagreb,14. Državno prvenstvo u powerliftingu i bench pressu,Yes
Adrian Radola,M,B,Raw,,,,Open,73.8,74,,,,,,125,135,-142.5,,135,,,,,,135,2,97.87,97.29,94.07,72.10,Yes,Croatia,,HPLS,IPF,2025-12-18,Croatia,,Zagreb,14. Državno prvenstvo u powerliftingu i bench pressu,Yes
Filip Plohl,M,SBD,Raw,,,,Open,93.3,105,170,177.5,180,,180,130,137.5,140,,140,225,-237.5,237.5,,237.5,557.5,12,354.16,349.68,334.64,72.82,Yes,Croatia,,HPLS,IPF,2025-12-18,Croatia,,Zagreb,14. Državno prvenstvo u powerliftingu i bench pressu,Yes
Ivan Vujica,M,SBD,Raw,19,18-19,19-23,Juniors,99.5,105,195,210,217.5,,217.5,152.5,157.5,160,,160,212.5,230,245,,245,622.5,2,383.99,379.61,362.60,78.83,Yes,Croatia,,HPLS,IPF,2025-12-18,Croatia,,Zagreb,14. Državno prvenstvo u powerliftingu i bench pressu,Yes
Daren Grgičević,M,SBD,Raw,18.5,18-19,19-23,Juniors,92.2,93,180,192.5,-200,,192.5,-110,115,120,,120,205,212.5,-217.5,,212.5,525,4,335.43,331.17,317.07,68.97,Yes,Croatia,,HPLS,IPF,2025-12-18,Croatia,,Zagreb,14. Državno prvenstvo u powerliftingu i bench pressu,Yes
Jakov Sirovica,M,SBD,Raw,18,18-19,14-18,Sub-Juniors,65.2,66,137.5,147.5,-155,,147.5,-82.5,87.5,92.5,,92.5,187.5,200,207.5,,207.5,447.5,1,353.83,354.94,345.10,70.21,Yes,Croatia,,HPLS,IPF,2025-12-18,Croatia,,Zagreb,14. Državno prvenstvo u powerliftingu i bench pressu,Yes
Noa Spajić,M,SBD,Raw,21,20-23,19-23,Juniors,103.5,105,215,225,235,,235,145,152.5,160,,160,250,265,-285,,265,660,1,400.38,396.42,378.52,82.04,Yes,Croatia,,HPLS,IPF,2025-12-18,Croatia,,Zagreb,14. Državno prvenstvo u powerliftingu i bench pressu,Yes
Karlo Bibić,M,SBD,Raw,,,,Open,73.6,74,115,130,140,,140,85,95,100,,100,180,-200,200,,200,440,7,319.53,317.72,307.24,64.78,Yes,Croatia,,HPLS,IPF,2025-12-18,Croatia,,Zagreb,14. Državno prvenstvo u powerliftingu i bench pressu,Yes
Matija Ožeg,M,SBD,Raw,30,24-34,24-39,Open,132.4,120+,240,255,260,,260,160,167.5,-172.5,,167.5,282.5,297.5,305,,305,732.5,1,407.92,412.97,394.05,81.67,Yes,Croatia,,HPLS,IPF,2025-12-18,Croatia,,Zagreb,14. Državno prvenstvo u powerliftingu i bench pressu,Yes
Josip Dujmović,M,SBD,Raw,,,,Open,104.9,105,215,230,240,,240,160,165,170,,170,260,-280,-290,,260,670,6,404.23,400.49,382.43,82.76,Yes,Croatia,,HPLS,IPF,2025-12-18,Croatia,,Zagreb,14. Državno prvenstvo u powerliftingu i bench pressu,Yes
Petar Perišić,M,SBD,Raw,26,24-34,24-39,Open,90.2,93,180,192.5,200,,200,125,130,135,,135,202.5,217.5,225,,225,560,11,361.69,357.10,342.21,74.37,Yes,Croatia,,HPLS,IPF,2025-12-18,Croatia,,Zagreb,14. Državno prvenstvo u powerliftingu i bench pressu,Yes
Leon Šušnjar,M,SBD,Raw,27,24-34,24-39,Open,73.1,74,190,-195,-197.5,,190,100,105,-110,,105,190,200,215,,215,510,4,372.03,370.08,357.97,75.35,Yes,Croatia,,HPLS,IPF,2025-12-18,Croatia,,Zagreb,14. Državno prvenstvo u powerliftingu i bench pressu,Yes
Ivan Ćorić,M,SBD,Raw,42,40-44,40-49,Masters 1,103.8,105,195,207.5,212.5,,212.5,110,115,-120,,115,220,-237.5,-240,,220,547.5,2,331.74,328.50,313.67,67.96,Yes,Croatia,,HPLS,IPF,2025-12-18,Croatia,,Zagreb,14. Državno prvenstvo u powerliftingu i bench pressu,Yes
Adis Jakić,M,SBD,Raw,,,40-49,Masters 1,92.5,93,170,185,200,,200,130,141,-151,,141,200,220,240,,240,581,2,370.62,365.92,350.30,76.21,Yes,Croatia,,HPLS,IPF,2025-12-18,Croatia,,Zagreb,14. Državno prvenstvo u powerliftingu i bench pressu,Yes
Arian Vukelić,M,SBD,Raw,,18-19,14-18,Sub-Juniors,,,,,,,,,,,,,,,,,,,NS,,,,,Yes,,,HPLS,IPF,2025-12-18,Croatia,,Zagreb,14. Državno prvenstvo u powerliftingu i bench pressu,Yes
Bartol Ban,M,SBD,Raw,19,18-19,19-23,Juniors,98.3,105,162.5,175,182.5,,182.5,110,117.5,122.5,,122.5,220,235,245,,245,550,5,341.09,337.08,322.05,70.05,Yes,Croatia,,HPLS,IPF,2025-12-18,Croatia,,Zagreb,14. Državno prvenstvo u powerliftingu i bench pressu,Yes
David Smoljan,M,SBD,Raw,17,16-17,14-18,Sub-Juniors,90.6,93,200,210,217.5,,217.5,-117.5,122.5,127.5,,127.5,232.5,250,262.5,,262.5,607.5,2,391.50,386.53,370.34,80.50,Yes,Croatia,,HPLS,IPF,2025-12-18,Croatia,,Zagreb,14. Državno prvenstvo u powerliftingu i bench pressu,Yes
Andrija Adamović,M,SBD,Raw,21,20-23,19-23,Juniors,91.9,93,-220,-230,-235,,,120,125,127.5,,127.5,275,282.5,-287.5,,282.5,,DQ,,,,,Yes,Croatia,,HPLS,IPF,2025-12-18,Croatia,,Zagreb,14. Državno prvenstvo u powerliftingu i bench pressu,Yes
Mateo Fijala,M,B,Raw,22,20-23,19-23,Juniors,81.9,83,,,,,,115,-120,-120,,115,,,,,,115,3,78.22,77.38,74.48,58.16,Yes,Croatia,,HPLS,IPF,2025-12-18,Croatia,,Zagreb,14. Državno prvenstvo u powerliftingu i bench pressu,Yes
Noa Miš Mešić,M,SBD,Raw,22,20-23,19-23,Juniors,,,,,,,,,,,,,,,,,,,NS,,,,,Yes,Croatia,,HPLS,IPF,2025-12-18,Croatia,,Zagreb,14. Državno prvenstvo u powerliftingu i bench pressu,Yes
Borna Krog,M,SBD,Raw,,,,Open,73.7,74,205,217.5,-231.5,,217.5,107.5,115,117.5,,117.5,240,260,262.5,,262.5,597.5,1,433.53,431.03,416.79,87.90,Yes,Croatia,,HPLS,IPF,2025-12-18,Croatia,,Zagreb,14. Državno prvenstvo u powerliftingu i bench pressu,Yes
Luka Kečkeš,M,SBD,Raw,21,20-23,19-23,Open,82.8,83,222.5,235,245,,245,-155,160,167.5,,167.5,-290,290,-307.5,,290,702.5,1,474.89,469.59,451.76,97.36,Yes,Croatia,,HPLS,IPF,2025-12-18,Croatia,,Zagreb,14. Državno prvenstvo u powerliftingu i bench pressu,Yes
Daria Bunja,F,SBD,Raw,28,24-34,24-39,Open,79.2,84,120,127.5,-135,,127.5,55,-57.5,57.5,,57.5,135,145,-147.5,,145,330,4,312.51,303.66,266.45,63.86,Yes,Croatia,,HPLS,IPF,2025-12-18,Croatia,,Zagreb,14. Državno prvenstvo u powerliftingu i bench pressu,Yes
Marina Kunac,F,SBD,Raw,29,24-34,24-39,Open,81.9,84,117.5,125,135,,135,62.5,67.5,-70,,67.5,147.5,155,-160,,155,357.5,3,332.98,322.97,282.84,68.20,Yes,Croatia,,HPLS,IPF,2025-12-18,Croatia,,Zagreb,14. Državno prvenstvo u powerliftingu i bench pressu,Yes
Nikolina Josipović,F,SBD,Raw,29,24-34,24-39,Open,68.5,69,145,152.5,155,,155,77.5,82.5,-87.5,,82.5,157.5,170,180,,180,417.5,2,427.40,421.67,371.87,86.85,Yes,Croatia,,HPLS,IPF,2025-12-18,Croatia,,Zagreb,14. Državno prvenstvo u powerliftingu i bench pressu,Yes
Andrea Milanko,F,SBD,Raw,42,40-44,40-49,Masters 1,91,84+,105,-115,125,,125,60,65,-67.5,,65,150,161.5,-170,,161.5,351.5,1,311.85,302.35,262.53,64.49,Yes,Croatia,,HPLS,IPF,2025-12-18,Croatia,,Zagreb,14. Državno prvenstvo u powerliftingu i bench pressu,Yes
Mihael Bogdan,M,B,Raw,16,16-17,14-18,Sub-Juniors,90.2,93,,,,,,110,115,-120,,115,,,,,,115,1,74.28,73.33,70.28,55.39,Yes,Croatia,,HPLS,IPF,2025-12-18,Croatia,,Zagreb,14. Državno prvenstvo u powerliftingu i bench pressu,Yes
Luka Filjak,M,SBD,Raw,17,16-17,14-18,Sub-Juniors,,,,,,,,,,,,,,,,,,,NS,,,,,Yes,Croatia,,HPLS,IPF,2025-12-18,Croatia,,Zagreb,14. Državno prvenstvo u powerliftingu i bench pressu,Yes
Filip Vlaisavljević,M,SBD,Raw,20,20-23,19-23,Juniors,78.9,83,187.5,195,-202.5,,195,112.5,120,127.5,,127.5,195,210,217.5,,217.5,540,4,375.43,371.93,358.58,76.70,Yes,Croatia,,HPLS,IPF,2025-12-18,Croatia,,Zagreb,14. Državno prvenstvo u powerliftingu i bench pressu,Yes
Amar Kantarević,M,SBD,Raw,19,18-19,19-23,Juniors,100.2,105,212.5,227.5,-237.5,,227.5,135,140,145,,145,225,240,-255,,240,612.5,3,376.68,372.46,355.73,77.30,Yes,Croatia,,HPLS,IPF,2025-12-18,Croatia,,Zagreb,14. Državno prvenstvo u powerliftingu i bench pressu,Yes
Robin Kovačić,M,SBD,Raw,21,20-23,19-23,Juniors,89.9,93,190,205,-212.5,,205,125,135,-142.5,,135,240,262.5,-282.5,,262.5,602.5,2,389.80,384.85,368.86,80.14,Yes,Croatia,,HPLS,IPF,2025-12-18,Croatia,,Zagreb,14. Državno prvenstvo u powerliftingu i bench pressu,Yes
Kristian Lovey,M,B,Raw,22,20-23,19-23,Juniors,92.1,93,,,,,,132.5,137.5,142.5,,142.5,,,,,,142.5,2,91.09,89.94,86.11,67.93,Yes,Croatia,,HPLS,IPF,2025-12-18,Croatia,,Zagreb,14. Državno prvenstvo u powerliftingu i bench pressu,Yes
Martina Marjanović,F,SBD,Raw,31,24-34,24-39,Open,81.3,84,135,145,152.5,,152.5,65,70,75,,75,155,165,-170,,165,392.5,2,366.90,355.99,311.90,75.11,Yes,Croatia,,HPLS,IPF,2025-12-18,Croatia,,Zagreb,14. Državno prvenstvo u powerliftingu i bench pressu,Yes
Renata Gecan Milek,F,SBD,Raw,54,50-54,50-59,Masters 2,60.8,63,105,-110,110,,110,45,50,-54,,50,125,132.5,142.5,,142.5,302.5,1,332.56,333.82,294.90,67.76,Yes,Croatia,,HPLS,IPF,2025-12-18,Croatia,,Zagreb,14. Državno prvenstvo u powerliftingu i bench pressu,Yes
Valentina Velić,F,SBD,Raw,20,20-23,19-23,Juniors,74.6,76,140,145,-150,,145,62.5,67.5,-72.5,,67.5,155,162.5,-172.5,,162.5,375,1,366.28,357.69,314.71,74.59,Yes,Croatia,,HPLS,IPF,2025-12-18,Croatia,,Zagreb,14. Državno prvenstvo u powerliftingu i bench pressu,Yes
Marino Katalinić,M,SBD,Raw,25.5,24-34,24-39,Open,119.5,120,250,265,272.5,,272.5,167.5,175,-177.5,,175,250,265,-275,,265,712.5,4,409.76,410.03,392.90,82.98,Yes,Croatia,,HPLS,IPF,2025-12-18,Croatia,,Zagreb,14. Državno prvenstvo u powerliftingu i bench pressu,Yes
Bojan Štetić,M,SBD,Raw,,,,Open,89.7,93,185,197.5,207.5,,207.5,102.5,107.5,112.5,,112.5,250,265,-280,,265,585,8,378.90,374.10,358.59,77.90,Yes,Croatia,,HPLS,IPF,2025-12-18,Croatia,,Zagreb,14. Državno prvenstvo u powerliftingu i bench pressu,Yes
Ana Maleš,F,SBD,Raw,22,20-23,19-23,Juniors,68.9,69,95,102.5,107.5,,107.5,65,70,-75,,70,120,127.5,-135,,127.5,305,2,311.20,306.79,270.52,63.24,Yes,Croatia,,HPLS,IPF,2025-12-18,Croatia,,Zagreb,14. Državno prvenstvo u powerliftingu i bench pressu,Yes
Sanja Marina,F,SBD,Raw,34,24-34,24-39,Open,67,69,130,142.5,150,,150,62.5,67.5,72.5,,72.5,160,175,187.5,,187.5,410,3,425.11,420.70,371.16,86.38,Yes,Croatia,,HPLS,IPF,2025-12-18,Croatia,,Zagreb,14. Državno prvenstvo u powerliftingu i bench pressu,Yes
Mirna Martinčić,F,SBD,Raw,29,24-34,24-39,Open,61.9,63,117.5,-122.5,-122.5,,117.5,55,57.5,60,,60,140,150,157.5,,157.5,335,5,364.21,364.63,322.04,74.14,Yes,Croatia,,HPLS,IPF,2025-12-18,Croatia,,Zagreb,14. Državno prvenstvo u powerliftingu i bench pressu,Yes
Fran Matijević,M,SBD,Raw,28,24-34,24-39,Open,101.5,105,-200,205,-212.5,,205,130,137.5,142.5,,142.5,220,240,252.5,,252.5,600,11,366.96,363.03,346.67,75.27,Yes,Croatia,,HPLS,IPF,2025-12-18,Croatia,,Zagreb,14. Državno prvenstvo u powerliftingu i bench pressu,Yes
Petar Križan,M,B,Raw,19.5,20-23,19-23,Juniors,105.5,120,,,,,,132.5,140,-145,,140,,,,,,140,2,84.27,83.52,79.76,62.55,Yes,Croatia,,HPLS,IPF,2025-12-18,Croatia,,Zagreb,14. Državno prvenstvo u powerliftingu i bench pressu,Yes
Petar Križan,M,SBD,Raw,19.5,20-23,19-23,Juniors,106.3,120,220,230,240,,240,132.5,-140,-140,,132.5,222.5,232.5,240,,240,612.5,1,367.59,364.45,348.06,75.19,Yes,Croatia,,HPLS,IPF,2025-12-18,Croatia,,Zagreb,14. Državno prvenstvo u powerliftingu i bench pressu,Yes
Jan Kovačević,M,B,Raw,,20-23,19-23,Juniors,,,,,,,,,,,,,,,,,,,NS,,,,,Yes,Croatia,,HPLS,IPF,2025-12-18,Croatia,,Zagreb,14. Državno prvenstvo u powerliftingu i bench pressu,Yes
Eugen Čaušević,M,SBD,Raw,21,20-23,19-23,Open,70.1,74,150,160,170,,170,85,92.5,-95,,92.5,215,230,-235,,230,492.5,6,369.58,368.67,357.26,74.37,Yes,Croatia,,HPLS,IPF,2025-12-18,Croatia,,Zagreb,14. Državno prvenstvo u powerliftingu i bench pressu,Yes
Leonora Kuqi,F,SBD,Raw,,20-23,19-23,Open,61.5,63,115,-122.5,-122.5,,115,50,55,-57.5,,55,135,147.5,-160,,147.5,317.5,6,346.57,347.30,306.76,70.57,Yes,Croatia,,HPLS,IPF,2025-12-18,Croatia,,Zagreb,14. Državno prvenstvo u powerliftingu i bench pressu,Yes
Melanija Pomper,F,SBD,Raw,30,24-34,24-39,Open,73.9,76,130,137.5,145,,145,82.5,90,95,,95,177.5,187.5,192.5,,192.5,432.5,1,424.57,415.02,365.27,86.43,Yes,Croatia,,HPLS,IPF,2025-12-18,Croatia,,Zagreb,14. Državno prvenstvo u powerliftingu i bench pressu,Yes
Aleksandra Stjepanović,F,SBD,Raw,,,40-49,Masters 1,49.6,52,90,95,97.5,,97.5,50,-55,-55,,50,115,122.5,-127.5,,122.5,270,2,340.26,348.96,309.99,71.10,Yes,Croatia,,HPLS,IPF,2025-12-18,Croatia,,Zagreb,14. Državno prvenstvo u powerliftingu i bench pressu,Yes
Klara Mendaš,F,SBD,Raw,25,24-34,24-39,Open,59.8,63,130,137.5,140,,140,67.5,72.5,75,,75,140,147.5,152.5,,152.5,367.5,3,408.25,410.78,362.96,83.26,Yes,Croatia,,HPLS,IPF,2025-12-18,Croatia,,Zagreb,14. Državno prvenstvo u powerliftingu i bench pressu,Yes
Daniel Škreblin,M,B,Raw,19.5,20-23,19-23,Juniors,,,,,,,,,,,,,,,,,,,NS,,,,,Yes,Croatia,,HPLS,IPF,2025-12-18,Croatia,,Zagreb,14. Državno prvenstvo u powerliftingu i bench pressu,Yes
Aleksandar Novak,M,SBD,Raw,28,24-34,24-39,Open,132.4,120+,-200,210,217.5,,217.5,140,147.5,-152.5,,147.5,230,242.5,252.5,,252.5,617.5,6,343.88,348.14,332.19,68.85,Yes,Croatia,,HPLS,IPF,2025-12-18,Croatia,,Zagreb,14. Državno prvenstvo u powerliftingu i bench pressu,Yes
Josip Mihaljević,M,SBD,Raw,,,,Open,159,120+,300,-325.5,-325.5,,300,155,-165,-165,,155,250,-272.5,-272.5,,250,705,2,373.31,386.84,363.31,73.23,Yes,Croatia,,HPLS,IPF,2025-12-18,Croatia,,Zagreb,14. Državno prvenstvo u powerliftingu i bench pressu,Yes
Dario Kuvačić,M,SBD,Raw,30,24-34,24-39,Open,93.4,105,200,-215,220,,220,150,-157.5,-157.5,,150,260,-272.5,-272.5,,260,630,8,400.01,394.96,377.95,82.25,Yes,Croatia,,HPLS,IPF,2025-12-18,Croatia,,Zagreb,14. Državno prvenstvo u powerliftingu i bench pressu,Yes
Jakov Mršo,M,B,Raw,20.5,20-23,19-23,Juniors,100.5,105,,,,,,120,125,-130,,125,,,,,,125,3,76.77,75.92,72.51,57.13,Yes,Croatia,,HPLS,IPF,2025-12-18,Croatia,,Zagreb,14. Državno prvenstvo u powerliftingu i bench pressu,Yes
Nikola Gamulin,M,B,Single-ply,,20-23,19-23,Juniors,89.4,93,,,,,,152.5,161,-175,,161,,,,,,161,1,104.46,103.13,98.87,54.54,Yes,Croatia,,HPLS,IPF,2025-12-18,Croatia,,Zagreb,14. Državno prvenstvo u powerliftingu i bench pressu,Yes
Patrik Kušević,M,SBD,Raw,26,24-34,24-39,Open,82.2,83,215,225,232.5,,232.5,142.5,-150,-150,,142.5,242.5,252.5,260,,260,635,5,431.03,426.32,410.27,88.33,Yes,Croatia,,HPLS,IPF,2025-12-18,Croatia,,Zagreb,14. Državno prvenstvo u powerliftingu i bench pressu,Yes
Lovro Leleković,M,SBD,Raw,27,24-34,24-39,Open,127.9,120+,-230,230,-242.5,,230,140,150,152.5,,152.5,245,255,260,,260,642.5,5,361.55,364.49,348.50,72.68,Yes,Croatia,,HPLS,IPF,2025-12-18,Croatia,,Zagreb,14. Državno prvenstvo u powerliftingu i bench pressu,Yes
Oliver Ozvačić,M,SBD,Raw,,,,Open,102.1,105,250,265,-275,,265,185,195,200,,200,255,287.5,297.5,,297.5,762.5,4,465.19,460.31,439.55,95.38,Yes,Croatia,,HPLS,IPF,2025-12-18,Croatia,,Zagreb,14. Državno prvenstvo u powerliftingu i bench pressu,Yes
Luka Turković,M,SBD,Raw,25,24-34,24-39,Open,81.8,83,210,217.5,-225,,217.5,120,125,130,,130,210,215,217.5,,217.5,565,8,384.59,380.45,366.21,78.79,Yes,Croatia,,HPLS,IPF,2025-12-18,Croatia,,Zagreb,14. Državno prvenstvo u powerliftingu i bench pressu,Yes
Miloš Mrmoš,M,SBD,Raw,25,24-34,24-39,Open,91.9,93,205,215,-222.5,,215,135,140,-145,,140,-240,255,-265,,255,610,6,390.36,385.39,369.04,80.27,Yes,Croatia,,HPLS,IPF,2025-12-18,Croatia,,Zagreb,14. Državno prvenstvo u powerliftingu i bench pressu,Yes
Josip Jureta,M,B,Raw,27,24-34,24-39,Open,118,120,,,,,,165,172.5,-180,,172.5,,,,,,172.5,3,99.63,99.57,95.39,73.30,Yes,Croatia,,HPLS,IPF,2025-12-18,Croatia,,Zagreb,14. Državno prvenstvo u powerliftingu i bench pressu,Yes
Mateo Tomašević,M,SBD,Raw,28,24-34,24-39,Open,92.7,93,185,197.5,-205,,197.5,120,127.5,130,,130,220,232.5,240,,240,567.5,10,361.64,357.05,341.77,74.36,Yes,Croatia,,HPLS,IPF,2025-12-18,Croatia,,Zagreb,14. Državno prvenstvo u powerliftingu i bench pressu,Yes
Matija Diminić,M,B,Raw,29,24-34,24-39,Open,104.7,105,,,,,,155,162.5,-167.5,,162.5,,,,,,162.5,3,98.12,97.20,92.82,72.86,Yes,Croatia,,HPLS,IPF,2025-12-18,Croatia,,Zagreb,14. Državno prvenstvo u powerliftingu i bench pressu,Yes
Michel Marinović,M,SBD,Raw,,,,Open,90.9,93,197.5,205,210,,210,130,135,137.5,,137.5,225,240,252.5,,252.5,600,7,386.04,381.12,365.11,79.38,Yes,Croatia,,HPLS,IPF,2025-12-18,Croatia,,Zagreb,14. Državno prvenstvo u powerliftingu i bench pressu,Yes
Leon Rozman,M,SBD,Raw,29,24-34,24-39,Open,73.7,74,160,170,177.5,,177.5,117.5,125,-132.5,,125,185,200,-210,,200,502.5,5,364.60,362.50,350.53,73.93,Yes,Croatia,,HPLS,IPF,2025-12-18,Croatia,,Zagreb,14. Državno prvenstvo u powerliftingu i bench pressu,Yes
Petar Rajković,M,SBD,Raw,,,,Open,126.4,120+,245,-255,255,,255,155,165,-170,,165,255,-265,270,,270,690,3,389.70,392.32,375.33,78.44,Yes,Croatia,,HPLS,IPF,2025-12-18,Croatia,,Zagreb,14. Državno prvenstvo u powerliftingu i bench pressu,Yes
Rino Čala,M,SBD,Raw,27,24-34,24-39,Open,99.2,105,200,212.5,225,,225,150,-160,-160,,150,210,225,232.5,,232.5,607.5,10,375.24,370.92,354.32,77.04,Yes,Croatia,,HPLS,IPF,2025-12-18,Croatia,,Zagreb,14. Državno prvenstvo u powerliftingu i bench pressu,Yes
Ivan Lokas,M,SBD,Raw,25,24-34,24-39,Open,98.6,105,230,247.5,260,,260,150,157.5,165,,165,250,275,-285,,275,700,5,433.53,428.46,409.34,89.03,Yes,Croatia,,HPLS,IPF,2025-12-18,Croatia,,Zagreb,14. Državno prvenstvo u powerliftingu i bench pressu,Yes
Katarina Temešberger,F,SBD,Raw,28,24-34,24-39,Open,72.6,76,120,125,130,,130,75,80,82.5,,82.5,130,140,-145,,140,352.5,4,349.36,342.17,301.33,71.08,Yes,Croatia,,HPLS,IPF,2025-12-18,Croatia,,Zagreb,14. Državno prvenstvo u powerliftingu i bench pressu,Yes
Fran Žužić,M,SBD,Raw,,24-34,,Open,84.8,93,195,202.5,207.5,,207.5,120,127.5,132.5,,132.5,-220,225,240,,240,580,9,386.92,382.35,367.43,79.42,Yes,Croatia,,HPLS,IPF,2025-12-18,Croatia,,Zagreb,14. Državno prvenstvo u powerliftingu i bench pressu,Yes
Mario Paradžik,M,SBD,Raw,24.5,24-34,24-39,Open,73.8,74,202.5,210,215,,215,115,120,125,,125,245,-257.5,257.5,,257.5,597.5,2,433.14,430.62,416.37,87.84,Yes,Croatia,,HPLS,IPF,2025-12-18,Croatia,,Zagreb,14. Državno prvenstvo u powerliftingu i bench pressu,Yes
Sandra Srdoč,F,SBD,Raw,,,40-49,Masters 1,66.8,69,110,115,120,,120,55,57.5,60,,60,120,130,140,,140,320,2,332.37,329.06,290.33,67.53,Yes,Croatia,,HPLS,IPF,2025-12-18,Croatia,,Zagreb,14. Državno prvenstvo u powerliftingu i bench pressu,Yes
Lukas Prendivoj,M,SBD,Raw,17.5,18-19,14-18,Sub-Juniors,82.1,83,210,222.5,-227.5,,222.5,142.5,-148,-148,,142.5,150,,,,150,515,2,349.82,346.01,333.00,71.68,Yes,Croatia,,HPLS,IPF,2025-12-18,Croatia,,Zagreb,14. Državno prvenstvo u powerliftingu i bench pressu,Yes
Dejan Rodiger,M,SBD,Raw,51,50-54,50-59,Masters 2,113.5,120,207.5,221,-225.5,,221,130,135,140.5,,140.5,215,230.5,-238.5,,230.5,592,1,346.60,345.21,330.29,70.53,Yes,Croatia,,HPLS,IPF,2025-12-18,Croatia,,Zagreb,14. Državno prvenstvo u powerliftingu i bench pressu,Yes
Rino Župa,M,SBD,Raw,,24-34,24-39,Open,,,,,,,,,,,,,,,,,,,NS,,,,,Yes,Croatia,,HPLS,IPF,2025-12-18,Croatia,,Zagreb,14. Državno prvenstvo u powerliftingu i bench pressu,Yes
Patrik Roso,M,B,Raw,21.5,20-23,19-23,Juniors,91.7,93,,,,,,130,135,-145,,135,,,,,,135,4,86.48,85.38,81.77,64.49,Yes,Croatia,,HPLS,IPF,2025-12-18,Croatia,,Zagreb,14. Državno prvenstvo u powerliftingu i bench pressu,Yes
Dino Višnjić,M,B,Raw,,24-34,24-39,Disabled,,,,,,,,,,,,,,,,,,,NS,,,,,Yes,Croatia,,HPLS,IPF,2025-12-18,Croatia,,Zagreb,14. Državno prvenstvo u powerliftingu i bench pressu,Yes
Luka Puškić,M,SBD,Raw,28,24-34,24-39,Open,102.5,105,220,232.5,-240,,232.5,132.5,140,-145,,140,250,260,265,,265,637.5,7,388.29,384.28,366.94,79.60,Yes,Croatia,,HPLS,IPF,2025-12-18,Croatia,,Zagreb,14. Državno prvenstvo u powerliftingu i bench pressu,Yes
Ante Perković,M,B,Raw,25,24-34,24-39,Open,102.7,105,,,,,,152.5,-160,-170,,152.5,,,,,,152.5,4,92.81,91.86,87.71,68.99,Yes,Croatia,,HPLS,IPF,2025-12-18,Croatia,,Zagreb,14. Državno prvenstvo u powerliftingu i bench pressu,Yes
Šime Mandić,M,B,Raw,,24-34,24-39,Open,81.6,83,,,,,,125,132.5,137.5,,137.5,,,,,,137.5,1,93.73,92.72,89.26,69.67,Yes,Croatia,,HPLS,IPF,2025-12-18,Croatia,,Zagreb,14. Državno prvenstvo u powerliftingu i bench pressu,Yes
Matej Martinović,M,SBD,Raw,35,35-39,24-39,Open,96.3,105,170,180,187.5,,187.5,-105,110,115,,115,200,215,-220,,215,517.5,14,323.92,319.96,305.86,66.57,Yes,Croatia,,HPLS,IPF,2025-12-18,Croatia,,Zagreb,14. Državno prvenstvo u powerliftingu i bench pressu,Yes
Ivan Žugaj,M,SBD,Raw,26,24-34,24-39,Open,113.6,120,175,-200,-205,,175,105,125,-155,,125,205,215,220,,220,520,8,304.35,303.15,290.06,61.93,Yes,Croatia,,HPLS,IPF,2025-12-18,Croatia,,Zagreb,14. Državno prvenstvo u powerliftingu i bench pressu,Yes
Sandra Anić,F,SBD,Raw,,,40-49,Masters 1,53.2,57,70,75,80,,80,47.5,50,52.5,,52.5,90,97.5,-102.5,,97.5,230,1,275.97,281.70,249.50,56.97,Yes,Croatia,,HPLS,IPF,2025-12-18,Croatia,,Zagreb,14. Državno prvenstvo u powerliftingu i bench pressu,Yes
Alen Kurtović,M,SBD,Raw,26,24-34,24-39,Open,80.8,83,197.5,210,-217.5,,210,97.5,105,107.5,,107.5,247.5,265,-282.5,,265,582.5,6,399.33,395.20,380.62,81.74,Yes,Croatia,,HPLS,IPF,2025-12-18,Croatia,,Zagreb,14. Državno prvenstvo u powerliftingu i bench pressu,Yes
Krunoslav Dropučić,M,SBD,Raw,,,,Open,91.6,93,220,-235,-235,,220,135,142.5,-147.5,,142.5,250,262.5,272.5,,272.5,635,4,407.01,401.83,384.83,83.69,Yes,Croatia,,HPLS,IPF,2025-12-18,Croatia,,Zagreb,14. Državno prvenstvo u powerliftingu i bench pressu,Yes
Marin Štambuk,M,SBD,Raw,,,,Open,108.9,120,252.5,267.5,280,,280,160,170,175,,175,250,267.5,-275,,267.5,722.5,3,429.55,426.52,407.53,87.71,Yes,Croatia,,HPLS,IPF,2025-12-18,Croatia,,Zagreb,14. Državno prvenstvo u powerliftingu i bench pressu,Yes
Josip Torić,M,B,Raw,,,,Open,117.9,120,,,,,,172.5,180,185,,185,,,,,,185,2,106.88,106.81,102.32,78.64,Yes,Croatia,,HPLS,IPF,2025-12-18,Croatia,,Zagreb,14. Državno prvenstvo u powerliftingu i bench pressu,Yes
Mario Lesjak,M,B,Raw,44,40-44,40-49,Open,118.5,120,,,,,,180,185,190,,190,,,,,,190,1,109.58,109.56,104.97,80.59,Yes,Croatia,,HPLS,IPF,2025-12-18,Croatia,,Zagreb,14. Državno prvenstvo u powerliftingu i bench pressu,Yes
Darijo Marković,M,B,Raw,46,45-49,40-49,Masters 1,103.9,105,,,,,,135,140,145,,145,,,,,,145,1,87.82,86.97,83.04,65.24,Yes,Croatia,,HPLS,IPF,2025-12-18,Croatia,,Zagreb,14. Državno prvenstvo u powerliftingu i bench pressu,Yes
Zoran Lovrić,M,B,Raw,54,50-54,50-59,Masters 2,90.6,93,,,,,,130,135,140,,140,,,,,,140,1,90.22,89.08,85.35,67.28,Yes,Croatia,,HPLS,IPF,2025-12-18,Croatia,,Zagreb,14. Državno prvenstvo u powerliftingu i bench pressu,Yes
Ivan Schoblocher,M,B,Raw,36,35-39,24-39,Open,102.2,105,,,,,,180,187.5,-205,,187.5,,,,,,187.5,2,114.34,113.15,108.04,85.02,Yes,Croatia,,HPLS,IPF,2025-12-18,Croatia,,Zagreb,14. Državno prvenstvo u powerliftingu i bench pressu,Yes
Domagoj Rajevskij,M,B,Raw,23,20-23,19-23,Juniors,102.5,105,,,,,,130,140,-145,,140,,,,,,140,2,85.27,84.39,80.58,63.39,Yes,Croatia,,HPLS,IPF,2025-12-18,Croatia,,Zagreb,14. Državno prvenstvo u powerliftingu i bench pressu,Yes
Mate Maleš,M,SBD,Raw,41,40-44,40-49,Masters 1,87.9,93,190,200,207.5,,207.5,127.5,135,140,,140,242.5,255,-264,,255,602.5,1,394.31,389.39,373.58,81.04,Yes,Croatia,,HPLS,IPF,2025-12-18,Croatia,,Zagreb,14. Državno prvenstvo u powerliftingu i bench pressu,Yes
Noel Piskač,M,SBD,Raw,17,16-17,14-18,Sub-Juniors,79.4,83,175,190,200,,200,112.5,120,125,,125,235,252.5,265,,265,590,1,408.65,404.72,390.09,83.53,Yes,Croatia,,HPLS,IPF,2025-12-18,Croatia,,Zagreb,14. Državno prvenstvo u powerliftingu i bench pressu,Yes
Andrija Juginović,M,SBD,Raw,18,18-19,14-18,Sub-Juniors,123,120+,190,205,-215,,205,132.5,140,-151,,140,235,-255,260.5,,260.5,605.5,1,344.94,346.20,331.64,69.64,Yes,Croatia,,HPLS,IPF,2025-12-18,Croatia,,Zagreb,14. Državno prvenstvo u powerliftingu i bench pressu,Yes
Andrija Juginović,M,B,Raw,18,18-19,14-18,Sub-Juniors,116.2,120,,,,,,132.5,140,-145,,140,,,,,,140,1,81.29,81.13,77.68,59.89,Yes,Croatia,,HPLS,IPF,2025-12-18,Croatia,,Zagreb,14. Državno prvenstvo u powerliftingu i bench pressu,Yes
Petar Rendulić,M,SBD,Raw,19,18-19,19-23,Juniors,82.7,83,217.5,230,240,,240,130,135,137.5,,137.5,265,282.5,300,,300,677.5,1,458.31,453.21,436.02,93.96,Yes,Croatia,,HPLS,IPF,2025-12-18,Croatia,,Zagreb,14. Državno prvenstvo u powerliftingu i bench pressu,Yes
Leon Piskač,M,SBD,Raw,23,20-23,19-23,Juniors,93,93,250,265,272.5,,272.5,175,185.5,188,,188,270,285,-300,,285,745.5,1,474.33,468.32,448.23,97.53,Yes,Croatia,,HPLS,IPF,2025-12-18,Croatia,,Zagreb,14. Državno prvenstvo u powerliftingu i bench pressu,Yes
Dorian Mutak,M,SBD,Raw,18,18-19,14-18,Sub-Juniors,92.8,93,245,265,275.5,,275.5,167.5,175,179,,179,260,280,-290.5,,280,734.5,1,467.81,461.88,442.10,96.19,Yes,Croatia,,HPLS,IPF,2025-12-18,Croatia,,Zagreb,14. Državno prvenstvo u powerliftingu i bench pressu,Yes
Anamarija Mamić,F,B,Raw,16,16-17,14-18,Sub-Juniors,58.4,63,,,,,,70.5,75,78,,78,,,,,,78,1,87.97,88.81,78.50,68.20,Yes,Croatia,,HPLS,IPF,2025-12-18,Croatia,,Zagreb,14. Državno prvenstvo u powerliftingu i bench pressu,Yes
Anamarija Mamić,F,SBD,Raw,16,16-17,14-18,Sub-Juniors,57.6,63,111.5,-119,119.5,,119.5,71.5,76,,,76,136.5,144,-150.5,,144,339.5,1,386.32,390.74,345.44,79.02,Yes,Croatia,,HPLS,IPF,2025-12-18,Croatia,,Zagreb,14. Državno prvenstvo u powerliftingu i bench pressu,Yes
Karla Baličevac,F,SBD,Raw,22.5,20-23,19-23,Juniors,66.8,69,135,145,-152.5,,145,72.5,77.5,-82.5,,77.5,165,175,-185,,175,397.5,1,412.86,408.76,360.64,83.89,Yes,Croatia,,HPLS,IPF,2025-12-18,Croatia,,Zagreb,14. Državno prvenstvo u powerliftingu i bench pressu,Yes
Tamara Mijatović,F,SBD,Raw,24,24-34,24-39,Open,62.7,63,125,130,132.5,,132.5,-87.5,-87.5,-87.5,,,140,150,-152.5,,150,,DQ,,,,,Yes,Croatia,,HPLS,IPF,2025-12-18,Croatia,,Zagreb,14. Državno prvenstvo u powerliftingu i bench pressu,Yes
Barbara Uršanić,F,B,Raw,32.5,24-34,24-39,Open,61,63,,,,,,57.5,62.5,-65,,62.5,,,,,,62.5,2,68.57,68.80,60.77,53.14,Yes,Croatia,,HPLS,IPF,2025-12-18,Croatia,,Zagreb,14. Državno prvenstvo u powerliftingu i bench pressu,Yes
Barbara Uršanić,F,SBD,Raw,32.5,24-34,24-39,Open,61.5,63,100,115,125,,125,57.5,60,-62.5,,60,120,,,,120,305,7,332.92,333.63,294.69,67.79,Yes,Croatia,,HPLS,IPF,2025-12-18,Croatia,,Zagreb,14. Državno prvenstvo u powerliftingu i bench pressu,Yes
Suzana Gašparović,F,SBD,Raw,37.5,35-39,24-39,Open,55.6,57,115,122.5,127.5,,127.5,-60,62.5,65,,65,125,135,145,,145,337.5,2,393.07,399.34,353.29,80.68,Yes,Croatia,,HPLS,IPF,2025-12-18,Croatia,,Zagreb,14. Državno prvenstvo u powerliftingu i bench pressu,Yes
Matej Šalić,M,SBD,Raw,26,24-34,24-39,Open,103.7,105,255,275,285,,285,162.5,170,172.5,,172.5,305,-322.5,322.5,,322.5,780,2,472.80,468.17,447.03,96.86,Yes,Croatia,,HPLS,IPF,2025-12-18,Croatia,,Zagreb,14. Državno prvenstvo u powerliftingu i bench pressu,Yes
Matea Kucljak,F,SBD,Raw,22,20-23,19-23,Juniors,53.5,57,90,95,100,,100,50,55,-60,,55,95,105,112.5,,112.5,267.5,1,319.73,326.19,288.86,65.95,Yes,Croatia,,HPLS,IPF,2025-12-18,Croatia,,Zagreb,14. Državno prvenstvo u powerliftingu i bench pressu,Yes
Luka Barižon,M,SBD,Raw,23.5,24-34,24-39,Open,91.3,93,195,-207.5,-207.5,,195,110,117.5,122.5,,122.5,75,,,,75,392.5,13,251.98,248.78,238.28,51.81,Yes,Croatia,,HPLS,IPF,2025-12-18,Croatia,,Zagreb,14. Državno prvenstvo u powerliftingu i bench pressu,Yes
Goran Šimić,M,B,Raw,41,40-44,40-49,Open,104.4,105,,,,,,195,205,210,,210,,,,,,210,1,126.94,125.74,120.07,94.28,Yes,Croatia,,HPLS,IPF,2025-12-18,Croatia,,Zagreb,14. Državno prvenstvo u powerliftingu i bench pressu,Yes
Ana Jozinović,F,SBD,Raw,20,20-23,19-23,Juniors,72.8,76,100,,,,100,-90,95.5,100,,100,100,,,,100,300,4,296.89,290.68,255.96,60.41,Yes,Croatia,,HPLS,IPF,2025-12-18,Croatia,,Zagreb,14. Državno prvenstvo u powerliftingu i bench pressu,Yes
Laura Vulić,F,SBD,Raw,21.5,20-23,19-23,Open,70.3,76,145,150,155,,155,82.5,87.5,90,,90,145,157.5,162.5,,162.5,407.5,2,411.10,404.21,356.27,83.56,Yes,Croatia,,HPLS,IPF,2025-12-18,Croatia,,Zagreb,14. Državno prvenstvo u powerliftingu i bench pressu,Yes
Tara Baće,F,SBD,Raw,23,20-23,19-23,Open,80.5,84,175,182.5,190,,190,97.5,102.5,105,,105,170,182.5,201,,201,496,1,465.91,452.28,396.50,95.31,Yes,Croatia,,HPLS,IPF,2025-12-18,Croatia,,Zagreb,14. Državno prvenstvo u powerliftingu i bench pressu,Yes
Luka Benšić,M,SBD,Raw,19,18-19,19-23,Open,81.4,83,232.5,240,242.5,,242.5,137.5,145,-150,,145,280,295,300,,300,687.5,2,469.29,464.32,447.04,96.11,Yes,Croatia,,HPLS,IPF,2025-12-18,Croatia,,Zagreb,14. Državno prvenstvo u powerliftingu i bench pressu,Yes
Karlo Jurić,M,B,Raw,19,18-19,19-23,Juniors,91.1,93,,,,,,127.5,135,142.5,,142.5,,,,,,142.5,1,91.58,90.42,86.61,68.30,Yes,Croatia,,HPLS,IPF,2025-12-18,Croatia,,Zagreb,14. Državno prvenstvo u powerliftingu i bench pressu,Yes
Nikola Zgrebec,M,SBD,Raw,19,18-19,19-23,Open,93,93,235,252.5,267.5,,267.5,145,152.5,157.5,,157.5,247.5,260,270,,270,695,3,442.19,436.59,417.86,90.92,Yes,Croatia,,HPLS,IPF,2025-12-18,Croatia,,Zagreb,14. Državno prvenstvo u powerliftingu i bench pressu,Yes
Gabriel Friščić,M,SBD,Raw,22,20-23,19-23,Juniors,82.3,83,232.5,-242.5,-242.5,,232.5,147.5,157.5,-165,,157.5,242.5,-255,-260,,242.5,632.5,2,429.04,424.33,408.34,87.93,Yes,Croatia,,HPLS,IPF,2025-12-18,Croatia,,Zagreb,14. Državno prvenstvo u powerliftingu i bench pressu,Yes
Gabriel Višek,M,SBD,Raw,23,20-23,19-23,Open,90.1,93,235,-247.5,-252.5,,235,150,155,160,,160,270,290,312.5,,312.5,707.5,2,457.21,451.41,432.61,94.01,Yes,Croatia,,HPLS,IPF,2025-12-18,Croatia,,Zagreb,14. Državno prvenstvo u powerliftingu i bench pressu,Yes
Melisa Matulin,F,SBD,Raw,20,20-23,19-23,Open,58.8,63,120,130,135,,135,85,90.5,95.5,,95.5,130,142.5,150,,150,380.5,2,427.25,430.93,380.85,87.24,Yes,Croatia,,HPLS,IPF,2025-12-18,Croatia,,Zagreb,14. Državno prvenstvo u powerliftingu i bench pressu,Yes
Melisa Matulin,F,B,Raw,20,20-23,19-23,Juniors,58.9,63,,,,,,65,72.5,77.5,,77.5,,,,,,77.5,1,86.93,87.65,77.47,67.38,Yes,Croatia,,HPLS,IPF,2025-12-18,Croatia,,Zagreb,14. Državno prvenstvo u powerliftingu i bench pressu,Yes
Leonardo Blažeković,M,SBD,Raw,26,24-34,24-39,Open,92.8,93,275,287.5,-293,,287.5,155,165,170,,170,302.5,-317.5,317.5,,317.5,775,1,493.61,487.35,466.48,101.49,Yes,Croatia,,HPLS,IPF,2025-12-18,Croatia,,Zagreb,14. Državno prvenstvo u powerliftingu i bench pressu,Yes
Andrej Švenda,M,SBD,Raw,28,24-34,24-39,Open,118.4,120,267.5,-280,-280,,267.5,-170,175,-182.5,,175,285,300,-312.5,,300,742.5,2,428.35,428.24,410.29,86.82,Yes,Croatia,,HPLS,IPF,2025-12-18,Croatia,,Zagreb,14. Državno prvenstvo u powerliftingu i bench pressu,Yes
Tin Valinčić,M,SBD,Raw,31.5,24-34,24-39,Open,119.2,120,272.5,285,-287.5,,285,167.5,177.5,-180,,177.5,295,310,322.5,,322.5,785,1,451.84,452.02,433.12,91.52,Yes,Croatia,,HPLS,IPF,2025-12-18,Croatia,,Zagreb,14. Državno prvenstvo u powerliftingu i bench pressu,Yes
Lea Žunić,F,SBD,Raw,26,24-34,24-39,Open,62.1,63,132.5,137.5,142.5,,142.5,77.5,80,-82.5,,80,175,182.5,-187.5,,182.5,405,1,439.44,439.74,388.36,89.44,Yes,Croatia,,HPLS,IPF,2025-12-18,Croatia,,Zagreb,14. Državno prvenstvo u powerliftingu i bench pressu,Yes
Jelena Ivančić,F,SBD,Raw,32,24-34,24-39,Open,,,,,,,,,,,,,,,,,,,NS,,,,,Yes,Croatia,,HPLS,IPF,2025-12-18,Croatia,,Zagreb,14. Državno prvenstvo u powerliftingu i bench pressu,Yes
Teuta Jakupović,F,SBD,Raw,36.5,35-39,24-39,Open,54.9,57,145,152.5,155,,155,85,88.5,90,,90,160,170,175,,175,420,1,493.31,501.92,444.16,101.41,Yes,Croatia,,HPLS,IPF,2025-12-18,Croatia,,Zagreb,14. Državno prvenstvo u powerliftingu i bench pressu,Yes
Branimira Novšak,F,SBD,Raw,43,40-44,40-49,Masters 1,68.7,69,120,128,135,,135,65.5,68,70,,70,132.5,141,150,,150,355,1,362.82,357.81,315.54,73.73,Yes,Croatia,,HPLS,IPF,2025-12-18,Croatia,,Zagreb,14. Državno prvenstvo u powerliftingu i bench pressu,Yes
Ana Marinković,F,SBD,Raw,44.5,40-44,40-49,Masters 1,51.9,52,105,110,112.5,,112.5,45,47.5,-50,,47.5,115,122.5,-127.5,,122.5,282.5,1,344.80,352.70,312.66,71.45,Yes,Croatia,,HPLS,IPF,2025-12-18,Croatia,,Zagreb,14. Državno prvenstvo u powerliftingu i bench pressu,Yes
Luka Hrgarek,M,SBD,Raw,22,20-23,19-23,Open,103.6,105,260,272.5,-280,,272.5,165,172.5,175,,175,305,315,320,,320,767.5,3,465.41,460.83,440.02,95.35,Yes,Croatia,,HPLS,IPF,2025-12-18,Croatia,,Zagreb,14. Državno prvenstvo u powerliftingu i bench pressu,Yes
Luka Babić,M,SBD,Raw,22.5,20-23,19-23,Open,73.1,74,190,202.5,210,,210,117.5,125,-130,,125,220,235,-250,,235,570,3,415.80,413.61,400.09,84.22,Yes,Croatia,,HPLS,IPF,2025-12-18,Croatia,,Zagreb,14. Državno prvenstvo u powerliftingu i bench pressu,Yes
Marko Kuzmić,M,SBD,Raw,25,24-34,24-39,Open,82.7,83,232.5,247.5,252.5,,252.5,150,157.5,162.5,,162.5,-250,272.5,-287.5,,272.5,687.5,3,465.07,459.89,442.46,95.34,Yes,Croatia,,HPLS,IPF,2025-12-18,Croatia,,Zagreb,14. Državno prvenstvo u powerliftingu i bench pressu,Yes
Lukša Zlošilo,M,SBD,Raw,24.5,24-34,24-39,Open,82.9,83,230,240,247.5,,247.5,167.5,175,180,,180,-225,240,-262.5,,240,667.5,4,450.93,445.87,428.92,92.46,Yes,Croatia,,HPLS,IPF,2025-12-18,Croatia,,Zagreb,14. Državno prvenstvo u powerliftingu i bench pressu,Yes
Maja Ileš,F,B,Raw,54,50-54,50-59,Masters 2,100,84+,,,,,,80,-85,-85,,80,,,,,,80,1,68.27,66.61,57.22,57.77,Yes,Croatia,,HPLS,IPF,2025-12-18,Croatia,,Zagreb,14. Državno prvenstvo u powerliftingu i bench pressu,Yes
Gordan Klasić,M,SBD,Raw,29,24-34,24-39,Open,102,105,265,275,280,,280,-192.5,192.5,-197.5,,192.5,305,325,-340.5,,325,797.5,1,486.74,481.62,459.90,99.81,Yes,Croatia,,HPLS,IPF,2025-12-18,Croatia,,Zagreb,14. Državno prvenstvo u powerliftingu i bench pressu,Yes
Walter Smajlović,M,B,Raw,,,,Open,89.9,93,,,,,,165,175,185,,185,,,,,,185,1,119.69,118.17,113.26,89.25,Yes,Croatia,,HPLS,IPF,2025-12-18,Croatia,,Zagreb,14. Državno prvenstvo u powerliftingu i bench pressu,Yes
Matea Bumba,F,SBD,Raw,26,24-34,24-39,Open,67.7,69,152.5,160,165,,165,90,95,-96,,95,182.5,195,-201,,195,455,1,468.94,463.40,408.76,95.28,Yes,Croatia,,HPLS,IPF,2025-12-18,Croatia,,Zagreb,14. Državno prvenstvo u powerliftingu i bench pressu,Yes
Matea Bumba,F,B,Raw,26,24-34,24-39,Open,67.7,69,,,,,,90,95,-97.5,,95,,,,,,95,1,97.91,96.75,85.35,76.41,Yes,Croatia,,HPLS,IPF,2025-12-18,Croatia,,Zagreb,14. Državno prvenstvo u powerliftingu i bench pressu,Yes
Goran Karamarković,M,B,Raw,46,45-49,40-49,Open,72.2,74,,,,,,-157.5,157.5,-170,,157.5,,,,,,157.5,1,115.84,115.32,111.61,85.10,Yes,Croatia,,HPLS,IPF,2025-12-18,Croatia,,Zagreb,14. Državno prvenstvo u powerliftingu i bench pressu,Yes
Hrvoje Sirovec,M,B,Raw,,,,Open,123.1,120+,,,,,,-200,-200,-200,,,,,,,,,DQ,,,,,Yes,Croatia,,HPLS,IPF,2025-12-18,Croatia,,Zagreb,14. Državno prvenstvo u powerliftingu i bench pressu,Yes
Srđan Radojčić,M,B,Raw,35,35-39,24-39,Open,89.9,93,,,,,,140,147.5,155,,155,,,,,,155,2,100.28,99.01,94.89,74.78,Yes,Croatia,,HPLS,IPF,2025-12-18,Croatia,,Zagreb,14. Državno prvenstvo u powerliftingu i bench pressu,Yes
